6.614170532226562500e+02,3.732171936035156250e+02,1.745940399169921875e+02,3.842346191406250000e+01,2.701657295227050781e+01,2.852748632431030273e+00,8.780960440635681152e-01,5.775632858276367188e-01,3.399085402488708496e-01,2.073073536157608032e-01,1.000000000000000000e+00
6.614993286132812500e+02,3.733233032226562500e+02,1.742482757568359375e+02,2.635152053833007812e+01,2.396039772033691406e+01,1.657555580139160156e+01,6.666903495788574219e+00,2.803288936614990234e+00,1.950090765953063965e+00,9.009216427803039551e-01,1.000000000000000000e+00
6.489265136718750000e+02,3.699329528808593750e+02,1.735420532226562500e+02,2.903813362121582031e+01,2.203604507446289062e+01,2.017063331604003906e+01,8.647020339965820312e+00,9.096134305000305176e-01,3.652757108211517334e-01,2.831562161445617676e-01,1.000000000000000000e+00
6.613231201171875000e+02,3.728410034179687500e+02,1.740812225341796875e+02,2.776024818420410156e+01,2.538246726989746094e+01,1.991724967956542969e+01,1.465745210647583008e+00,9.078940153121948242e-01,4.892864823341369629e-01,3.308323919773101807e-01,1.000000000000000000e+00
6.657055053710937500e+02,3.745833129882812500e+02,1.741201629638671875e+02,2.948703193664550781e+01,2.497785568237304688e+01,2.386585617065429688e+01,1.468933582305908203e+00,1.097455024719238281e+00,8.404405117034912109e-01,3.467948734760284424e-01,1.000000000000000000e+00
6.703673706054687500e+02,3.743598327636718750e+02,1.755768585205078125e+02,5.054782485961914062e+01,3.400030517578125000e+01,3.032102203369140625e+01,1.727262306213378906e+01,7.113121032714843750e+00,4.707039594650268555e-01,2.573758363723754883e-01,1.000000000000000000e+00
6.614058227539062500e+02,3.732174682617187500e+02,1.747809600830078125e+02,4.173647308349609375e+01,3.100125312805175781e+01,2.315786361694335938e+01,2.851913928985595703e+00,1.688386082649230957e+00,9.895591735839843750e-01,7.981644868850708008e-01,1.000000000000000000e+00
6.613887939453125000e+02,3.730420532226562500e+02,1.738045196533203125e+02,3.796937179565429688e+01,3.247016906738281250e+01,1.920555496215820312e+01,7.129753589630126953e+00,9.712120890617370605e-01,9.160680174827575684e-01,2.732404470443725586e-01,1.000000000000000000e+00
6.614095458984375000e+02,3.731012573242187500e+02,1.745512237548828125e+02,2.390596771240234375e+01,1.997509384155273438e+01,1.298344039916992188e+01,5.367225170135498047e+00,2.152932167053222656e+00,8.586897253990173340e-01,2.371372282505035400e-01,1.000000000000000000e+00
6.615335083007812500e+02,3.727438964843750000e+02,1.744416503906250000e+02,3.598567581176757812e+01,1.607370567321777344e+01,1.485899448394775391e+01,5.518309473991394043e-01,4.447157084941864014e-01,3.388870954513549805e-01,2.843835949897766113e-01,1.000000000000000000e+00
6.618162841796875000e+02,3.733534545898437500e+02,1.752058868408203125e+02,3.331360244750976562e+01,2.261634254455566406e+01,1.991528701782226562e+01,1.098532390594482422e+01,4.353906154632568359e+00,2.780053615570068359e+00,7.302489876747131348e-01,1.000000000000000000e+00
6.608680419921875000e+02,3.736183471679687500e+02,1.743316040039062500e+02,2.975362586975097656e+01,2.821006774902343750e+01,2.660243988037109375e+01,1.876273345947265625e+01,1.478796386718750000e+01,9.776707649230957031e+00,4.865622520446777344e+00,1.000000000000000000e+00
6.616109619140625000e+02,3.732322998046875000e+02,1.759373016357421875e+02,2.640203094482421875e+01,1.674387168884277344e+01,1.461320686340332031e+01,9.797163963317871094e+00,1.650674343109130859e+00,1.510166168212890625e+00,7.926625013351440430e-01,1.000000000000000000e+00
6.622437133789062500e+02,3.726635131835937500e+02,1.742098693847656250e+02,3.256843566894531250e+01,2.338579559326171875e+01,2.152965545654296875e+01,1.406305599212646484e+01,9.051919937133789062e+00,2.805315971374511719e+00,5.083411931991577148e-01,1.000000000000000000e+00
6.670578613281250000e+02,3.655578308105468750e+02,1.732985382080078125e+02,1.680008697509765625e+01,1.372867679595947266e+01,9.453561782836914062e+00,2.851641416549682617e+00,2.072954416275024414e+00,1.324047565460205078e+00,8.101620078086853027e-01,1.000000000000000000e+00
6.601259765625000000e+02,3.560302734375000000e+02,1.744831237792968750e+02,1.457871818542480469e+01,1.418851566314697266e+01,1.232061481475830078e+01,8.256991386413574219e+00,8.425074815750122070e-01,3.623666763305664062e-01,1.802098900079727173e-01,1.000000000000000000e+00
6.614510498046875000e+02,3.736900024414062500e+02,1.736342163085937500e+02,3.169706535339355469e+01,1.859417915344238281e+01,2.842105388641357422e+00,2.576015949249267578e+00,1.184057116508483887e+00,3.354693353176116943e-01,2.361483573913574219e-01,1.000000000000000000e+00
6.613992919921875000e+02,3.732492675781250000e+02,1.741104736328125000e+02,2.898118782043457031e+01,1.024763107299804688e+01,7.521265029907226562e+00,6.838218212127685547e+00,1.765958309173583984e+00,8.518436551094055176e-01,3.630691170692443848e-01,1.000000000000000000e+00
6.614102783203125000e+02,3.731773681640625000e+02,1.769111633300781250e+02,2.650862503051757812e+01,2.596551895141601562e+01,2.457489776611328125e+01,5.218522548675537109e+00,2.800161123275756836e+00,1.409777879714965820e+00,7.927179336547851562e-01,1.000000000000000000e+00
6.614830322265625000e+02,3.731577758789062500e+02,1.742921600341796875e+02,2.184421539306640625e+01,1.417971229553222656e+01,1.003406906127929688e+01,9.961428642272949219e+00,4.002329349517822266e+00,2.813869714736938477e+00,1.633680105209350586e+00,1.000000000000000000e+00
6.614904785156250000e+02,3.738994140625000000e+02,1.747825469970703125e+02,4.036837387084960938e+01,3.852151489257812500e+01,3.405482482910156250e+01,3.173058128356933594e+01,1.810488510131835938e+01,5.674610733985900879e-01,3.523669242858886719e-01,1.000000000000000000e+00
6.613075561523437500e+02,3.726921386718750000e+02,1.742732849121093750e+02,3.206922531127929688e+01,3.056217575073242188e+01,2.976128196716308594e+01,1.701935005187988281e+01,2.806195259094238281e+00,8.699377775192260742e-01,3.128577768802642822e-01,1.000000000000000000e+00
6.722932739257812500e+02,3.607769165039062500e+02,1.747019348144531250e+02,2.779820060729980469e+01,1.954218482971191406e+01,1.454190063476562500e+01,7.053755283355712891e+00,9.219705462455749512e-01,5.153985619544982910e-01,2.988359630107879639e-01,1.000000000000000000e+00
6.615418701171875000e+02,3.735343017578125000e+02,1.751451721191406250e+02,2.787766075134277344e+01,2.635942268371582031e+01,2.104558181762695312e+01,1.303269481658935547e+01,1.221646881103515625e+01,4.355007648468017578e+00,1.879601120948791504e+00,1.000000000000000000e+00
6.644696044921875000e+02,3.683361206054687500e+02,1.548379974365234375e+02,3.576331710815429688e+01,2.904695510864257812e+01,2.496630096435546875e+01,3.380714893341064453e+00,1.322334170341491699e+00,6.396703124046325684e-01,2.910042107105255127e-01,1.000000000000000000e+00
6.793230590820312500e+02,3.764099731445312500e+02,1.750592956542968750e+02,2.851730155944824219e+01,2.365585327148437500e+01,2.851078748703002930e+00,1.470364451408386230e+00,8.877575993537902832e-01,3.467490077018737793e-01,2.891303598880767822e-01,1.000000000000000000e+00
6.614821777343750000e+02,3.743853149414062500e+02,1.746328125000000000e+02,3.215720367431640625e+01,2.368884277343750000e+01,1.327788448333740234e+01,5.870587348937988281e+00,3.123751878738403320e+00,7.945404052734375000e-01,2.914068400859832764e-01,1.000000000000000000e+00
6.614124755859375000e+02,3.731850585937500000e+02,1.744788513183593750e+02,2.866089630126953125e+01,2.600719261169433594e+01,2.817544460296630859e+00,1.699206233024597168e+00,1.690818905830383301e+00,8.619709610939025879e-01,3.646178841590881348e-01,1.000000000000000000e+00
6.614805908203125000e+02,3.731441650390625000e+02,1.598229064941406250e+02,4.360016632080078125e+01,7.480258464813232422e+00,5.958135128021240234e+00,2.835206270217895508e+00,7.907121181488037109e-01,2.995701432228088379e-01,2.902454435825347900e-01,1.000000000000000000e+00
6.448109130859375000e+02,3.689087829589843750e+02,1.768799591064453125e+02,2.177051162719726562e+01,1.588685894012451172e+01,1.266845703125000000e+01,4.470235347747802734e+00,2.838391065597534180e+00,8.363412618637084961e-01,3.137749731540679932e-01,1.000000000000000000e+00
9.997415161132812500e+02,9.453197021484375000e+02,5.214148330688476562e+01,3.878932952880859375e+01,3.503545379638671875e+01,3.278033828735351562e+01,1.611982536315917969e+01,8.772346496582031250e+00,7.916823387145996094e+00,3.516313552856445312e+00,2.000000000000000000e+00
1.000182983398437500e+03,9.987532348632812500e+02,3.455066299438476562e+01,3.160451126098632812e+01,2.552038383483886719e+01,2.411063385009765625e+01,2.126601219177246094e+01,1.809180641174316406e+01,1.785315322875976562e+01,1.402928543090820312e+01,2.000000000000000000e+00
1.000413635253906250e+03,9.982000122070312500e+02,4.800985336303710938e+01,3.762886047363281250e+01,3.422956848144531250e+01,2.814787673950195312e+01,2.519382476806640625e+01,2.074100494384765625e+01,1.598565483093261719e+01,2.512619733810424805e+00,2.000000000000000000e+00
1.001208251953125000e+03,9.987693481445312500e+02,4.259420776367187500e+01,3.941409683227539062e+01,3.300443649291992188e+01,2.335970306396484375e+01,2.041028976440429688e+01,4.907325744628906250e+00,9.981999993324279785e-01,6.999413017183542252e-05,2.000000000000000000e+00
1.000093688964843750e+03,9.985081787109375000e+02,4.446739578247070312e+01,4.223716354370117188e+01,3.792917251586914062e+01,2.819709014892578125e+01,1.349445343017578125e+01,1.303572177886962891e+01,1.194131278991699219e+01,2.784845352172851562e+00,2.000000000000000000e+00
1.000439270019531250e+03,9.984330444335937500e+02,4.592195892333984375e+01,4.130551147460937500e+01,3.719098663330078125e+01,3.369649124145507812e+01,3.116079521179199219e+01,2.827108573913574219e+01,2.612171554565429688e+01,5.278840541839599609e+00,2.000000000000000000e+00
9.999376831054687500e+02,9.982000122070312500e+02,3.743757247924804688e+01,3.230174636840820312e+01,2.905208969116210938e+01,2.529192733764648438e+01,2.443492889404296875e+01,2.406561470031738281e+01,1.904848670959472656e+01,1.559936904907226562e+01,2.000000000000000000e+00
1.000285156250000000e+03,9.987932739257812500e+02,5.323308563232421875e+01,2.988192367553710938e+01,2.754934501647949219e+01,2.231824111938476562e+01,2.197457885742187500e+01,2.094182777404785156e+01,1.997946929931640625e+01,8.262327194213867188e+00,2.000000000000000000e+00
9.999060058593750000e+02,9.982752075195312500e+02,5.404002761840820312e+01,4.088708114624023438e+01,3.131854438781738281e+01,2.736500740051269531e+01,2.709009361267089844e+01,1.450266838073730469e+01,7.429410457611083984e+00,9.981999993324279785e-01,2.000000000000000000e+00
1.000534729003906250e+03,9.982000122070312500e+02,3.694905090332031250e+01,3.593201065063476562e+01,2.193973350524902344e+01,2.010149955749511719e+01,1.694533729553222656e+01,1.230938816070556641e+01,9.833625793457031250e+00,4.264993667602539062e+00,2.000000000000000000e+00
9.997299804687500000e+02,9.983248291015625000e+02,4.111306381225585938e+01,3.507230758666992188e+01,3.158841133117675781e+01,2.237527656555175781e+01,1.010420513153076172e+01,6.647893428802490234e+00,4.646338462829589844e+00,2.085083007812500000e+00,2.000000000000000000e+00
9.988095092773437500e+02,8.971677856445312500e+02,4.138545989990234375e+01,3.233598709106445312e+01,3.159389495849609375e+01,2.965748786926269531e+01,1.821391105651855469e+01,1.612443542480468750e+01,3.032155752182006836e+00,1.132209897041320801e+00,2.000000000000000000e+00
1.000016967773437500e+03,9.983981933593750000e+02,4.209879684448242188e+01,3.708924484252929688e+01,3.504335403442382812e+01,3.000747680664062500e+01,2.823512840270996094e+01,2.750242424011230469e+01,1.168189048767089844e+01,7.717033624649047852e-01,2.000000000000000000e+00
1.000165466308593750e+03,9.983546752929687500e+02,4.931100082397460938e+01,4.876571273803710938e+01,3.934727478027343750e+01,3.243040847778320312e+01,3.210488128662109375e+01,1.213762950897216797e+01,9.991527557373046875e+00,4.927597045898437500e+00,2.000000000000000000e+00
9.997377319335937500e+02,9.989957275390625000e+02,3.358169937133789062e+01,3.109935569763183594e+01,2.900794792175292969e+01,2.362265396118164062e+01,2.354693984985351562e+01,1.594011783599853516e+01,1.040676403045654297e+01,5.322884082794189453e+00,2.000000000000000000e+00
9.998034667968750000e+02,9.985452270507812500e+02,4.270224761962890625e+01,4.249678802490234375e+01,2.374936485290527344e+01,1.940725517272949219e+01,1.715129089355468750e+01,9.639931678771972656e+00,5.004747867584228516e+00,9.997299909591674805e-01,2.000000000000000000e+00
1.002039489746093750e+03,8.532421264648437500e+02,3.564402770996093750e+01,3.418347930908203125e+01,3.047192192077636719e+01,1.289869308471679688e+01,1.033514785766601562e+01,2.432588815689086914e+00,3.286076784133911133e-01,7.972836465341970325e-05,2.000000000000000000e+00
1.001578186035156250e+03,9.990916137695312500e+02,2.912733268737792969e+01,2.894924926757812500e+01,2.711779975891113281e+01,2.496126556396484375e+01,2.429006004333496094e+01,1.199020481109619141e+01,1.150872707366943359e+01,5.917103767395019531e+00,2.000000000000000000e+00
9.997616577148437500e+02,9.990241699218750000e+02,3.672355270385742188e+01,3.084693717956542969e+01,1.923461151123046875e+01,1.883451843261718750e+01,1.408810901641845703e+01,9.873826980590820312e+00,8.932103157043457031e+00,9.997299909591674805e-01,2.000000000000000000e+00
1.000033081054687500e+03,9.983909301757812500e+02,4.177460479736328125e+01,4.109733200073242188e+01,3.794959259033203125e+01,2.253440475463867188e+01,1.887112236022949219e+01,1.012569427490234375e+01,5.637915134429931641e+00,4.144252300262451172e+00,2.000000000000000000e+00
9.999768676757812500e+02,9.982565917968750000e+02,3.967684555053710938e+01,3.462545776367187500e+01,3.341566467285156250e+01,3.182561683654785156e+01,2.944749832153320312e+01,2.317127609252929688e+01,2.032077407836914062e+01,7.598848819732666016e+00,2.000000000000000000e+00
9.999898681640625000e+02,9.997653198242187500e+02,5.408070373535156250e+01,4.369142532348632812e+01,3.179863166809082031e+01,2.491458129882812500e+01,1.228644180297851562e+01,1.105141067504882812e+01,4.512706756591796875e+00,3.382837295532226562e+00,2.000000000000000000e+00
9.997756958007812500e+02,9.990795288085937500e+02,4.754533386230468750e+01,2.224460601806640625e+01,1.766375732421875000e+01,1.672108459472656250e+01,1.370463657379150391e+01,1.191282558441162109e+01,8.931704521179199219e+00,3.888837099075317383e+00,2.000000000000000000e+00
9.998123779296875000e+02,9.987692260742187500e+02,4.306612777709960938e+01,3.226709747314453125e+01,2.968454360961914062e+01,1.656274986267089844e+01,1.570719146728515625e+01,1.543909454345703125e+01,1.369521331787109375e+01,4.511432647705078125e+00,2.000000000000000000e+00
9.997299804687500000e+02,9.988359985351562500e+02,4.539620971679687500e+01,4.263128280639648438e+01,3.044371414184570312e+01,2.627472114562988281e+01,2.370827865600585938e+01,1.983881950378417969e+01,3.989999055862426758e+00,2.768931627273559570e+00,2.000000000000000000e+00
9.998544921875000000e+02,9.983019409179687500e+02,5.063823699951171875e+01,4.117589569091796875e+01,3.841165161132812500e+01,2.771590042114257812e+01,2.562776565551757812e+01,2.071680259704589844e+01,1.015292358398437500e+01,7.313881874084472656e+00,2.000000000000000000e+00
1.000212341308593750e+03,9.982080688476562500e+02,4.628425216674804688e+01,3.991552352905273438e+01,3.473347473144531250e+01,2.744046974182128906e+01,2.717998504638671875e+01,2.483783721923828125e+01,2.323499488830566406e+01,7.562167644500732422e+00,2.000000000000000000e+00
9.982562866210937500e+02,9.355620117187500000e+02,4.235195922851562500e+01,3.452209091186523438e+01,2.685998725891113281e+01,1.906233787536621094e+01,1.409743404388427734e+01,1.094426918029785156e+01,8.796391487121582031e+00,4.497743129730224609e+00,2.000000000000000000e+00
1.000673522949218750e+03,9.986361083984375000e+02,5.318978118896484375e+01,2.758769226074218750e+01,2.532651519775390625e+01,2.472238349914550781e+01,2.071623039245605469e+01,1.218441867828369141e+01,1.161949729919433594e+01,1.147630691528320312e+01,2.000000000000000000e+00
1.008584289550781250e+03,9.901339111328125000e+02,4.510174942016601562e+01,3.507009887695312500e+01,3.092319488525390625e+01,2.364844131469726562e+01,2.030737876892089844e+01,1.837861251831054688e+01,1.019505977630615234e+01,2.784019231796264648e+00,2.000000000000000000e+00
6.704189453125000000e+02,5.380767822265625000e+02,4.952559204101562500e+02,2.062203216552734375e+02,1.645991363525390625e+02,6.207103729248046875e+01,5.143320083618164062e+01,4.432731628417968750e+01,3.409198379516601562e+01,2.400818443298339844e+01,3.000000000000000000e+00
6.676732177734375000e+02,5.471257324218750000e+02,4.964697265625000000e+02,2.042683715820312500e+02,1.620289611816406250e+02,6.997107696533203125e+01,5.086705398559570312e+01,3.469062423706054688e+01,2.181149482727050781e+01,1.629623031616210938e+01,3.000000000000000000e+00
6.676456909179687500e+02,5.408953857421875000e+02,4.969985046386718750e+02,2.030677032470703125e+02,1.652044982910156250e+02,6.399015045166015625e+01,5.223474884033203125e+01,3.468691253662109375e+01,2.459508323669433594e+01,3.636874914169311523e+00,3.000000000000000000e+00
6.670197143554687500e+02,5.414768066406250000e+02,4.977985534667968750e+02,1.975130767822265625e+02,1.575231933593750000e+02,6.328223800659179688e+01,5.823902130126953125e+01,3.467997741699218750e+01,2.140248870849609375e+01,1.369967365264892578e+01,3.000000000000000000e+00
6.665775756835937500e+02,5.414783325195312500e+02,4.953427734375000000e+02,2.023334350585937500e+02,1.664010925292968750e+02,6.774135589599609375e+01,5.068645477294921875e+01,3.992510604858398438e+01,3.587684249877929688e+01,3.014873313903808594e+01,3.000000000000000000e+00
6.670349731445312500e+02,5.414288940429687500e+02,5.061308288574218750e+02,2.021965637207031250e+02,1.610183715820312500e+02,6.751803588867187500e+01,5.985291671752929688e+01,4.731922531127929688e+01,2.871797561645507812e+01,2.592974281311035156e+01,3.000000000000000000e+00
6.659149169921875000e+02,5.430932006835937500e+02,4.954133300781250000e+02,2.026253204345703125e+02,1.698298492431640625e+02,6.735064697265625000e+01,5.246559906005859375e+01,3.525959396362304688e+01,8.327693939208984375e+00,5.352475643157958984e+00,3.000000000000000000e+00
6.674419555664062500e+02,5.409827270507812500e+02,4.951524353027343750e+02,2.016378631591796875e+02,1.619763641357421875e+02,6.739849853515625000e+01,5.085732650756835938e+01,3.714362335205078125e+01,1.443730831146240234e+01,5.712642192840576172e+00,3.000000000000000000e+00
6.670072021484375000e+02,5.409522705078125000e+02,4.954991455078125000e+02,2.018104248046875000e+02,1.640061645507812500e+02,7.195975494384765625e+01,5.085657882690429688e+01,3.551340484619140625e+01,2.925335884094238281e+01,7.650533199310302734e+00,3.000000000000000000e+00
6.676913452148437500e+02,5.409554443359375000e+02,4.957195434570312500e+02,2.020104370117187500e+02,1.636189575195312500e+02,6.832633209228515625e+01,6.003491592407226562e+01,4.774328613281250000e+01,3.338529586791992188e+01,3.166233825683593750e+01,3.000000000000000000e+00
6.705375366210937500e+02,5.650379638671875000e+02,4.955297546386718750e+02,2.015696258544921875e+02,1.647258148193359375e+02,6.745317077636718750e+01,5.250854492187500000e+01,3.469446563720703125e+01,8.650077819824218750e+00,4.710253238677978516e+00,3.000000000000000000e+00
6.670019531250000000e+02,5.408433227539062500e+02,4.955170898437500000e+02,2.025087432861328125e+02,1.659021301269531250e+02,6.142800521850585938e+01,5.913148117065429688e+01,3.474317932128906250e+01,2.447762107849121094e+01,1.224066543579101562e+01,3.000000000000000000e+00
6.670266113281250000e+02,5.410832519531250000e+02,4.964924926757812500e+02,2.019718627929687500e+02,1.683585510253906250e+02,6.735585021972656250e+01,5.011590194702148438e+01,3.468910980224609375e+01,2.686130142211914062e+01,1.937912344932556152e+00,3.000000000000000000e+00
6.670464477539062500e+02,5.412674560546875000e+02,4.951066894531250000e+02,2.051571807861328125e+02,1.646738891601562500e+02,7.031519317626953125e+01,5.116619491577148438e+01,5.076643753051757812e+01,2.320376014709472656e+01,1.136137676239013672e+01,3.000000000000000000e+00
6.671138305664062500e+02,5.407129516601562500e+02,4.953092956542968750e+02,2.364931182861328125e+02,1.668550567626953125e+02,7.389606475830078125e+01,5.012043762207031250e+01,3.527865219116210938e+01,2.627933692932128906e+01,1.496455669403076172e+01,3.000000000000000000e+00
6.661427612304687500e+02,5.419764404296875000e+02,4.953829650878906250e+02,2.016100463867187500e+02,1.645216827392578125e+02,6.744203948974609375e+01,5.118496322631835938e+01,4.286280059814453125e+01,1.218012332916259766e+01,3.625943660736083984e+00,3.000000000000000000e+00
6.667435302734375000e+02,5.443518066406250000e+02,4.953328552246093750e+02,2.027925415039062500e+02,1.633606567382812500e+02,6.738365936279296875e+01,5.085069274902343750e+01,3.624946594238281250e+01,3.130008316040039062e+01,2.038626861572265625e+01,3.000000000000000000e+00
6.702521362304687500e+02,5.675029907226562500e+02,4.962684020996093750e+02,2.020818634033203125e+02,1.648719482421875000e+02,6.771530914306640625e+01,5.421981430053710938e+01,3.661400985717773438e+01,1.159191799163818359e+01,6.251649379730224609e+00,3.000000000000000000e+00
6.672489013671875000e+02,5.414652709960937500e+02,4.958825073242187500e+02,2.017683410644531250e+02,1.646816864013671875e+02,6.785633850097656250e+01,5.563853073120117188e+01,3.668423080444335938e+01,1.793287467956542969e+01,3.634004592895507812e+00,3.000000000000000000e+00
6.657848510742187500e+02,5.424535522460937500e+02,4.995818786621093750e+02,2.032440643310546875e+02,1.558305206298828125e+02,7.673493957519531250e+01,5.378428649902343750e+01,3.749458312988281250e+01,3.211970901489257812e+01,3.808454275131225586e+00,3.000000000000000000e+00
6.669683227539062500e+02,5.411559448242187500e+02,4.954910888671875000e+02,2.072469329833984375e+02,1.663190917968750000e+02,5.976137542724609375e+01,5.082781600952148438e+01,4.359655380249023438e+01,2.888843727111816406e+01,1.438881587982177734e+01,3.000000000000000000e+00
6.661832275390625000e+02,5.350707397460937500e+02,4.951154479980468750e+02,2.015103759765625000e+02,1.654670257568359375e+02,6.872776031494140625e+01,5.322097015380859375e+01,4.948279571533203125e+01,1.609086608886718750e+01,3.642480134963989258e+00,3.000000000000000000e+00
6.734978637695312500e+02,5.841115112304687500e+02,4.957318420410156250e+02,2.018997497558593750e+02,1.648556976318359375e+02,6.745240020751953125e+01,5.864628982543945312e+01,4.360628890991210938e+01,4.178955078125000000e+01,2.086838722229003906e+01,3.000000000000000000e+00
6.670397949218750000e+02,5.415917968750000000e+02,5.083394775390625000e+02,2.015689392089843750e+02,1.621755065917968750e+02,6.613762664794921875e+01,5.526651000976562500e+01,3.467486572265625000e+01,3.192713165283203125e+01,1.012019538879394531e+01,3.000000000000000000e+00
5.775812377929687500e+02,4.957524108886718750e+02,4.800765380859375000e+02,2.355381164550781250e+02,1.648258514404296875e+02,7.411588287353515625e+01,5.088989257812500000e+01,3.654904556274414062e+01,2.866585731506347656e+01,2.718049049377441406e+01,3.000000000000000000e+00
6.681147460937500000e+02,5.514456176757812500e+02,4.953958740234375000e+02,2.241842651367187500e+02,1.654105987548828125e+02,6.737472534179687500e+01,5.136371612548828125e+01,3.468085479736328125e+01,5.298899650573730469e+00,3.529236555099487305e+00,3.000000000000000000e+00
6.670437011718750000e+02,5.410695190429687500e+02,4.958684082031250000e+02,2.035102844238281250e+02,1.653008422851562500e+02,6.737156677246093750e+01,5.079916381835937500e+01,3.468217086791992188e+01,3.040123176574707031e+01,2.260499000549316406e+01,3.000000000000000000e+00
6.681146850585937500e+02,5.508340454101562500e+02,4.954899597167968750e+02,2.015836639404296875e+02,1.648879852294921875e+02,7.194466400146484375e+01,5.499532318115234375e+01,3.285562133789062500e+01,1.800274658203125000e+01,1.741624641418457031e+01,3.000000000000000000e+00
6.669799804687500000e+02,5.408526000976562500e+02,4.953001403808593750e+02,2.359129180908203125e+02,1.643975372314453125e+02,6.737345123291015625e+01,5.102806854248046875e+01,3.676206588745117188e+01,3.468375778198242188e+01,8.875161170959472656e+00,3.000000000000000000e+00
6.670503540039062500e+02,5.417976074218750000e+02,4.948872680664062500e+02,2.084162445068359375e+02,1.650645904541015625e+02,6.441555786132812500e+01,5.285308074951171875e+01,4.930564117431640625e+01,2.770882797241210938e+01,1.010819911956787109e+01,3.000000000000000000e+00
3.984483032226562500e+02,3.954581298828125000e+02,1.192784423828125000e+02,9.323017120361328125e+01,5.219765472412109375e+01,4.494938278198242188e+01,3.818185806274414062e+01,2.988684844970703125e+01,1.678978157043457031e+01,7.752400398254394531e+00,4.000000000000000000e+00
3.985498962402343750e+02,3.965736694335937500e+02,1.249053649902343750e+02,9.674884033203125000e+01,4.757256317138671875e+01,3.795754623413085938e+01,3.559049987792968750e+01,3.023740577697753906e+01,2.870281219482421875e+01,2.851141357421875000e+01,4.000000000000000000e+00
4.151549682617187500e+02,4.000492248535156250e+02,1.224950866699218750e+02,9.412987518310546875e+01,4.844302368164062500e+01,3.874533843994140625e+01,3.553661346435546875e+01,2.974862670898437500e+01,1.502855110168457031e+01,3.896098136901855469e+00,4.000000000000000000e+00
3.960921630859375000e+02,3.830564575195312500e+02,1.224197463989257812e+02,9.488984680175781250e+01,4.794013214111328125e+01,4.451949691772460938e+01,3.358631515502929688e+01,1.793439483642578125e+01,8.953277587890625000e+00,8.449175834655761719e+00,4.000000000000000000e+00
5.042754516601562500e+02,3.973258056640625000e+02,1.236068267822265625e+02,9.387483215332031250e+01,4.758431625366210938e+01,3.801534652709960938e+01,3.198418617248535156e+01,2.781487464904785156e+01,1.654705238342285156e+01,1.031018638610839844e+01,4.000000000000000000e+00
3.986041259765625000e+02,3.954588012695312500e+02,1.245231704711914062e+02,9.285212707519531250e+01,4.791455078125000000e+01,3.805123138427734375e+01,3.209267044067382812e+01,2.996667671203613281e+01,2.749642372131347656e+01,3.553403615951538086e+00,4.000000000000000000e+00
3.979325866699218750e+02,3.954704284667968750e+02,1.250052795410156250e+02,9.428121948242187500e+01,6.353429794311523438e+01,4.280202484130859375e+01,3.823580932617187500e+01,1.849630737304687500e+01,1.266080760955810547e+01,3.055144548416137695e+00,4.000000000000000000e+00
3.994437255859375000e+02,3.944005737304687500e+02,1.258852539062500000e+02,9.501813507080078125e+01,5.061357879638671875e+01,4.502251052856445312e+01,3.931446075439453125e+01,3.287913131713867188e+01,1.470285129547119141e+01,1.702909588813781738e+00,4.000000000000000000e+00
3.982314758300781250e+02,3.956263122558593750e+02,1.237010269165039062e+02,1.067955169677734375e+02,5.162152481079101562e+01,3.839701080322265625e+01,2.976622200012207031e+01,2.721620178222656250e+01,2.006615066528320312e+01,1.440031909942626953e+01,4.000000000000000000e+00
3.976134338378906250e+02,3.954257507324218750e+02,1.270885848999023438e+02,9.466117858886718750e+01,4.779357910156250000e+01,3.801988983154296875e+01,3.216326141357421875e+01,2.962609291076660156e+01,2.269824981689453125e+01,3.083407402038574219e+00,4.000000000000000000e+00
3.966423645019531250e+02,3.373268432617187500e+02,1.258856735229492188e+02,1.140363464355468750e+02,5.579318237304687500e+01,4.706451797485351562e+01,2.979140853881835938e+01,2.174304199218750000e+01,1.127590847015380859e+01,1.014900493621826172e+01,4.000000000000000000e+00
3.957906188964843750e+02,3.881399536132812500e+02,1.277752075195312500e+02,9.650922393798828125e+01,4.784682846069335938e+01,3.795241546630859375e+01,2.986538124084472656e+01,1.810140419006347656e+01,7.628695964813232422e+00,3.885356903076171875e+00,4.000000000000000000e+00
4.272810058593750000e+02,3.979710083007812500e+02,1.224049911499023438e+02,9.890473937988281250e+01,4.793221282958984375e+01,3.823458099365234375e+01,3.034078788757324219e+01,2.949487495422363281e+01,1.469326686859130859e+01,7.554842948913574219e+00,4.000000000000000000e+00
3.994115295410156250e+02,3.954471130371093750e+02,1.214673538208007812e+02,9.694624328613281250e+01,4.773628234863281250e+01,3.794411468505859375e+01,2.986562538146972656e+01,1.907779121398925781e+01,3.891498565673828125e+00,2.936669588088989258e+00,4.000000000000000000e+00
3.957286987304687500e+02,3.597277221679687500e+02,1.390250701904296875e+02,9.409276580810546875e+01,5.421202468872070312e+01,4.432258224487304688e+01,3.913995742797851562e+01,3.356541442871093750e+01,3.281520843505859375e+01,8.713894844055175781e+00,4.000000000000000000e+00
3.981160888671875000e+02,3.964383239746093750e+02,1.224555587768554688e+02,9.302080535888671875e+01,5.086594009399414062e+01,4.690243530273437500e+01,2.998303413391113281e+01,2.391780853271484375e+01,2.178101539611816406e+01,1.320610237121582031e+01,4.000000000000000000e+00
3.977645568847656250e+02,3.956474609375000000e+02,1.304801483154296875e+02,9.506435394287109375e+01,4.826070785522460938e+01,4.158011627197265625e+01,3.827843093872070312e+01,2.649185371398925781e+01,3.880897045135498047e+00,1.777184367179870605e+00,4.000000000000000000e+00
3.981884155273437500e+02,3.961176757812500000e+02,1.225425491333007812e+02,9.354498291015625000e+01,4.772597122192382812e+01,3.823200607299804688e+01,2.980885314941406250e+01,2.435475921630859375e+01,2.336135482788085938e+01,1.947728157043457031e+01,4.000000000000000000e+00
3.979883422851562500e+02,3.947749633789062500e+02,1.222856903076171875e+02,9.596063232421875000e+01,4.749059295654296875e+01,3.893505477905273438e+01,2.980168724060058594e+01,1.181766891479492188e+01,4.142664432525634766e+00,3.880736827850341797e+00,4.000000000000000000e+00
3.976190490722656250e+02,3.954546508789062500e+02,1.224414138793945312e+02,9.347321319580078125e+01,4.763437652587890625e+01,3.799258804321289062e+01,2.985220909118652344e+01,1.701416969299316406e+01,1.647857475280761719e+01,3.882067680358886719e+00,4.000000000000000000e+00
3.975966796875000000e+02,3.954385375976562500e+02,1.240814056396484375e+02,9.297480773925781250e+01,4.767262649536132812e+01,3.796651458740234375e+01,2.802624130249023438e+01,1.895913696289062500e+01,3.892976284027099609e+00,2.928156852722167969e+00,4.000000000000000000e+00
3.978237304687500000e+02,3.962261962890625000e+02,1.227222518920898438e+02,1.073293151855468750e+02,4.634110260009765625e+01,3.897714614868164062e+01,2.983096694946289062e+01,1.472485446929931641e+01,1.309701538085937500e+01,5.737335205078125000e+00,4.000000000000000000e+00
3.984858398437500000e+02,3.955884704589843750e+02,1.221952972412109375e+02,9.454578399658203125e+01,4.936745834350585938e+01,3.844113540649414062e+01,2.992785453796386719e+01,1.777919006347656250e+01,1.342642784118652344e+01,3.701848983764648438e+00,4.000000000000000000e+00
3.976430358886718750e+02,3.954339294433593750e+02,1.230543975830078125e+02,9.398330688476562500e+01,5.839396286010742188e+01,3.832768630981445312e+01,2.979564857482910156e+01,2.767021560668945312e+01,1.745518302917480469e+01,1.595929813385009766e+01,4.000000000000000000e+00
3.979120483398437500e+02,3.954629821777343750e+02,1.227064056396484375e+02,9.916902160644531250e+01,4.806355285644531250e+01,3.815491104125976562e+01,3.086988067626953125e+01,2.847418022155761719e+01,1.283218383789062500e+01,1.243366909027099609e+01,4.000000000000000000e+00
3.976882629394531250e+02,3.954317321777343750e+02,1.224148101806640625e+02,9.986689758300781250e+01,4.708097457885742188e+01,3.801272964477539062e+01,2.991470336914062500e+01,1.959366416931152344e+01,1.197138404846191406e+01,3.886028289794921875e+00,4.000000000000000000e+00
3.987745361328125000e+02,3.953704528808593750e+02,1.252864227294921875e+02,9.285017395019531250e+01,5.814873504638671875e+01,4.724266433715820312e+01,2.994247817993164062e+01,2.494695091247558594e+01,2.263842391967773438e+01,1.703363037109375000e+01,4.000000000000000000e+00
3.978059997558593750e+02,3.962113952636718750e+02,1.229142532348632812e+02,9.299321746826171875e+01,4.764833068847656250e+01,3.796958541870117188e+01,2.980280685424804688e+01,1.604267883300781250e+01,1.019408988952636719e+01,4.476465702056884766e+00,4.000000000000000000e+00
4.055366821289062500e+02,3.892268371582031250e+02,1.276963272094726562e+02,9.394889068603515625e+01,5.161785888671875000e+01,4.756133651733398438e+01,3.274933624267578125e+01,2.962692451477050781e+01,1.116857337951660156e+01,4.169950008392333984e+00,4.000000000000000000e+00
3.957832641601562500e+02,3.584715270996093750e+02,1.268846130371093750e+02,1.032571716308593750e+02,4.770004272460937500e+01,3.801385116577148438e+01,2.985647392272949219e+01,2.603889656066894531e+01,2.079100608825683594e+01,1.864240837097167969e+01,4.000000000000000000e+00
6.547552490234375000e+02,3.409759216308593750e+02,7.698102569580078125e+01,3.595607376098632812e+01,3.060634231567382812e+01,2.744053077697753906e+01,2.459503746032714844e+01,1.656877136230468750e+01,1.584458637237548828e+01,9.283169746398925781e+00,5.000000000000000000e+00
6.540271606445312500e+02,3.438984069824218750e+02,6.732598114013671875e+01,3.750177764892578125e+01,3.474499511718750000e+01,3.390811920166015625e+01,2.498247528076171875e+01,2.267781639099121094e+01,2.129591369628906250e+01,6.293385982513427734e+00,5.000000000000000000e+00
6.540751953125000000e+02,3.420889587402343750e+02,6.960958862304687500e+01,3.997041320800781250e+01,3.348102188110351562e+01,3.101678657531738281e+01,2.842512702941894531e+01,1.594509220123291016e+01,8.231096267700195312e+00,6.245784282684326172e+00,5.000000000000000000e+00
6.263195190429687500e+02,3.653787536621093750e+02,7.933095550537109375e+01,4.224925613403320312e+01,1.800828933715820312e+01,1.538249492645263672e+01,1.175423145294189453e+01,9.402725219726562500e+00,6.669425010681152344e+00,3.950447320938110352e+00,5.000000000000000000e+00
6.551435546875000000e+02,3.423185424804687500e+02,7.662929534912109375e+01,3.159809875488281250e+01,3.080970191955566406e+01,2.453328704833984375e+01,2.263663291931152344e+01,1.880243492126464844e+01,1.625034523010253906e+01,6.217947006225585938e+00,5.000000000000000000e+00
6.542969360351562500e+02,3.423186645507812500e+02,7.312014770507812500e+01,5.375384140014648438e+01,3.908963012695312500e+01,3.186433410644531250e+01,3.020072937011718750e+01,1.558728599548339844e+01,6.504809379577636719e+00,2.228745818138122559e-01,5.000000000000000000e+00
6.659651489257812500e+02,3.423298034667968750e+02,7.772677612304687500e+01,3.278747177124023438e+01,2.455050659179687500e+01,1.725781822204589844e+01,1.143015575408935547e+01,8.436061859130859375e+00,3.378156423568725586e+00,2.985057115554809570e+00,5.000000000000000000e+00
6.547073364257812500e+02,3.432612609863281250e+02,7.796970367431640625e+01,3.282105636596679688e+01,3.255278778076171875e+01,2.624967193603515625e+01,1.443233871459960938e+01,1.367466926574707031e+01,7.027492046356201172e+00,6.352773666381835938e+00,5.000000000000000000e+00
6.548972167968750000e+02,3.410423278808593750e+02,8.020211029052734375e+01,3.360410690307617188e+01,3.147310638427734375e+01,2.795260238647460938e+01,2.779808235168457031e+01,2.423733711242675781e+01,2.297817611694335938e+01,2.059057426452636719e+01,5.000000000000000000e+00
6.544044799804687500e+02,3.428459777832031250e+02,7.172354125976562500e+01,4.672961044311523438e+01,3.378838348388671875e+01,2.354322624206542969e+01,1.524724769592285156e+01,1.387360954284667969e+01,1.270984172821044922e+01,7.205108165740966797e+00,5.000000000000000000e+00
6.540108032226562500e+02,3.447716674804687500e+02,7.425077819824218750e+01,3.746109008789062500e+01,3.145803833007812500e+01,2.379046249389648438e+01,2.170724678039550781e+01,1.986927795410156250e+01,1.593753051757812500e+01,1.395729732513427734e+01,5.000000000000000000e+00
6.544400024414062500e+02,3.421201477050781250e+02,7.309162139892578125e+01,5.700267028808593750e+01,3.411908340454101562e+01,3.154713249206542969e+01,2.075713348388671875e+01,1.558774280548095703e+01,1.270528888702392578e+01,8.286100387573242188e+00,5.000000000000000000e+00
6.543536376953125000e+02,3.410260620117187500e+02,7.150659942626953125e+01,4.298912429809570312e+01,3.874520874023437500e+01,2.608347702026367188e+01,2.554139900207519531e+01,1.551359844207763672e+01,1.389399147033691406e+01,1.074779701232910156e+01,5.000000000000000000e+00
6.539676513671875000e+02,3.418434753417968750e+02,6.145790100097656250e+01,3.130218887329101562e+01,2.542142486572265625e+01,2.511698532104492188e+01,2.063397979736328125e+01,1.968641281127929688e+01,1.899611663818359375e+01,6.503414154052734375e+00,5.000000000000000000e+00
6.546995239257812500e+02,3.413120117187500000e+02,7.171183013916015625e+01,4.132678985595703125e+01,3.496076202392578125e+01,3.312458419799804688e+01,3.266144180297851562e+01,2.851777648925781250e+01,1.611870574951171875e+01,1.055538368225097656e+01,5.000000000000000000e+00
6.545515136718750000e+02,3.413796386718750000e+02,7.080126953125000000e+01,4.083748626708984375e+01,3.157008743286132812e+01,3.018364906311035156e+01,2.379258537292480469e+01,2.077696037292480469e+01,1.338033390045166016e+01,1.242150402069091797e+01,5.000000000000000000e+00
6.559331054687500000e+02,3.413462219238281250e+02,8.302954101562500000e+01,4.835818862915039062e+01,3.631277847290039062e+01,2.466371345520019531e+01,2.299362182617187500e+01,1.808430671691894531e+01,1.740436744689941406e+01,5.228414058685302734e+00,5.000000000000000000e+00
5.323117065429687500e+02,3.413554687500000000e+02,7.520812988281250000e+01,5.150525283813476562e+01,4.063232803344726562e+01,2.990608978271484375e+01,2.112102317810058594e+01,7.451953411102294922e+00,6.296132564544677734e+00,2.730216264724731445e+00,5.000000000000000000e+00
6.537538452148437500e+02,4.128816223144531250e+02,7.728067016601562500e+01,4.643902587890625000e+01,4.372565460205078125e+01,3.176495552062988281e+01,2.998388290405273438e+01,2.792300605773925781e+01,2.342496681213378906e+01,8.526247978210449219e+00,5.000000000000000000e+00
6.551754150390625000e+02,3.432009887695312500e+02,7.185236358642578125e+01,4.829612350463867188e+01,2.954337692260742188e+01,2.427151870727539062e+01,2.221611785888671875e+01,1.530408573150634766e+01,4.877007484436035156e+00,3.414113759994506836e+00,5.000000000000000000e+00
6.553602294921875000e+02,3.409730529785156250e+02,6.899760437011718750e+01,3.415923309326171875e+01,3.178357315063476562e+01,2.519414329528808594e+01,2.306696319580078125e+01,2.284138298034667969e+01,2.100560569763183594e+01,1.697098350524902344e+01,5.000000000000000000e+00
5.930470581054687500e+02,3.413255615234375000e+02,8.554045104980468750e+01,3.631189346313476562e+01,3.365895843505859375e+01,3.345097351074218750e+01,2.311729240417480469e+01,2.185213279724121094e+01,1.186604213714599609e+01,1.081803607940673828e+01,5.000000000000000000e+00
6.578397827148437500e+02,3.427236022949218750e+02,7.733966064453125000e+01,2.834154891967773438e+01,2.599345588684082031e+01,2.426364326477050781e+01,2.342471504211425781e+01,2.114932250976562500e+01,1.765003395080566406e+01,9.249794960021972656e+00,5.000000000000000000e+00
6.543930664062500000e+02,3.419588928222656250e+02,7.427905273437500000e+01,3.528346633911132812e+01,3.512691116333007812e+01,3.044378662109375000e+01,2.960575294494628906e+01,2.446299552917480469e+01,2.418722152709960938e+01,2.386361694335937500e+01,5.000000000000000000e+00
6.537399902343750000e+02,3.437565307617187500e+02,6.903424835205078125e+01,4.511574935913085938e+01,4.062114715576171875e+01,3.499054336547851562e+01,3.042553901672363281e+01,2.197683906555175781e+01,2.077559852600097656e+01,1.766438102722167969e+01,5.000000000000000000e+00
6.543840942382812500e+02,3.420313110351562500e+02,6.976447296142578125e+01,3.802770233154296875e+01,3.358092117309570312e+01,2.788969802856445312e+01,1.781319618225097656e+01,1.483252620697021484e+01,1.022581768035888672e+01,7.741149902343750000e+00,5.000000000000000000e+00
6.560538940429687500e+02,3.419157714843750000e+02,7.833123016357421875e+01,4.268258666992187500e+01,3.278223800659179688e+01,2.871740531921386719e+01,1.940946769714355469e+01,1.214912891387939453e+01,5.718520641326904297e+00,5.452078342437744141e+00,5.000000000000000000e+00
6.557608032226562500e+02,3.417233276367187500e+02,6.891829681396484375e+01,5.045789718627929688e+01,3.323965072631835938e+01,2.961040306091308594e+01,2.899573326110839844e+01,2.806732368469238281e+01,2.106715774536132812e+01,1.509864425659179688e+01,5.000000000000000000e+00
6.567283935546875000e+02,3.415704345703125000e+02,6.887962341308593750e+01,4.433680343627929688e+01,3.105353164672851562e+01,2.670221710205078125e+01,2.580580520629882812e+01,2.515035820007324219e+01,2.450072479248046875e+01,1.668198585510253906e+01,5.000000000000000000e+00
6.542800903320312500e+02,3.414367980957031250e+02,7.546100616455078125e+01,4.030643463134765625e+01,3.752906799316406250e+01,3.154635810852050781e+01,2.367666244506835938e+01,2.305217742919921875e+01,8.560088157653808594e+00,4.645567417144775391e+00,5.000000000000000000e+00
8.571766357421875000e+02,4.912386322021484375e+01,2.895862007141113281e+01,2.636906814575195312e+01,2.209353828430175781e+01,1.831580734252929688e+01,1.449355411529541016e+01,8.557068824768066406e+00,8.463824272155761719e+00,7.383508205413818359e+00,6.000000000000000000e+00
8.568416137695312500e+02,6.004223251342773438e+01,4.513477706909179688e+01,3.987045288085937500e+01,3.281028366088867188e+01,1.019888687133789062e+01,8.562999725341796875e+00,8.488305091857910156e+00,8.207508087158203125e+00,5.791467074656294831e-15,6.000000000000000000e+00
9.520924682617187500e+02,5.189854049682617188e+01,3.921503829956054688e+01,3.579209136962890625e+01,3.166611480712890625e+01,3.004724311828613281e+01,2.061700820922851562e+01,1.990832901000976562e+01,1.503720569610595703e+01,7.944945335388183594e+00,6.000000000000000000e+00
8.565953979492187500e+02,3.162962913513183594e+01,2.794032287597656250e+01,2.350656318664550781e+01,2.267445182800292969e+01,1.501266765594482422e+01,1.415479564666748047e+01,1.261873912811279297e+01,8.426484107971191406e+00,9.916875958442687988e-01,6.000000000000000000e+00
8.562999877929687500e+02,4.648328018188476562e+01,3.749345779418945312e+01,2.527816200256347656e+01,2.428949928283691406e+01,2.081940078735351562e+01,1.990011215209960938e+01,1.906868553161621094e+01,1.447427558898925781e+01,4.184138774871826172e+00,6.000000000000000000e+00
8.566299438476562500e+02,4.307065200805664062e+01,3.387583160400390625e+01,2.891424560546875000e+01,2.636749076843261719e+01,2.442117309570312500e+01,2.259305000305175781e+01,7.579324722290039062e+00,6.636321544647216797e+00,4.709238529205322266e+00,6.000000000000000000e+00
8.568962402343750000e+02,5.310633468627929688e+01,3.727105331420898438e+01,3.659873580932617188e+01,2.600099182128906250e+01,2.191911506652832031e+01,2.138888168334960938e+01,2.003147697448730469e+01,1.041736412048339844e+01,2.330460548400878906e+00,6.000000000000000000e+00
8.566398315429687500e+02,4.247880935668945312e+01,3.147078132629394531e+01,2.990455818176269531e+01,2.498951339721679688e+01,2.366654205322265625e+01,2.143774986267089844e+01,9.082457542419433594e+00,3.963668346405029297e+00,3.763042211532592773e+00,6.000000000000000000e+00
8.563558959960937500e+02,5.457053756713867188e+01,4.519508743286132812e+01,2.928471946716308594e+01,2.900811576843261719e+01,2.897443008422851562e+01,2.237095451354980469e+01,2.106550788879394531e+01,1.634087371826171875e+01,1.435555362701416016e+01,6.000000000000000000e+00
8.564783325195312500e+02,4.657875823974609375e+01,3.790008926391601562e+01,3.521658706665039062e+01,3.249407577514648438e+01,2.713758277893066406e+01,2.103394126892089844e+01,1.848117637634277344e+01,1.620781326293945312e+01,1.429519748687744141e+01,6.000000000000000000e+00
8.566455688476562500e+02,4.619581222534179688e+01,3.410350418090820312e+01,3.303686141967773438e+01,3.041561508178710938e+01,2.983484268188476562e+01,1.998138046264648438e+01,1.651488113403320312e+01,8.827816009521484375e+00,8.562999725341796875e+00,6.000000000000000000e+00
1.053448974609375000e+03,5.070676803588867188e+01,4.094299697875976562e+01,3.561323547363281250e+01,2.521623992919921875e+01,2.155269813537597656e+01,1.337144756317138672e+01,1.275818347930908203e+01,9.824574470520019531e+00,9.332537651062011719e+00,6.000000000000000000e+00
8.567958984375000000e+02,4.719785690307617188e+01,4.339094543457031250e+01,3.126577949523925781e+01,2.706451034545898438e+01,2.030504417419433594e+01,1.988114356994628906e+01,1.577161788940429688e+01,1.383508300781250000e+01,3.889434576034545898e+00,6.000000000000000000e+00
8.564516601562500000e+02,5.575460815429687500e+01,4.202490234375000000e+01,3.518894958496093750e+01,2.169239997863769531e+01,1.708773994445800781e+01,1.470816326141357422e+01,1.165485572814941406e+01,4.710369110107421875e+00,9.809388518333435059e-01,6.000000000000000000e+00
8.562999877929687500e+02,5.352773666381835938e+01,4.893235778808593750e+01,4.399148941040039062e+01,3.453942871093750000e+01,3.281323623657226562e+01,2.082566452026367188e+01,2.007389640808105469e+01,1.607121086120605469e+01,8.338687896728515625e+00,6.000000000000000000e+00
8.575592041015625000e+02,5.266876983642578125e+01,3.807192611694335938e+01,2.899442672729492188e+01,2.521309280395507812e+01,2.357390022277832031e+01,2.101044845581054688e+01,1.155156517028808594e+01,1.016879940032958984e+01,3.673293590545654297e+00,6.000000000000000000e+00
8.566632080078125000e+02,4.412535858154296875e+01,3.545570755004882812e+01,3.195340156555175781e+01,2.765555572509765625e+01,1.996501350402832031e+01,1.938130950927734375e+01,1.719102478027343750e+01,1.593306636810302734e+01,4.123193740844726562e+00,6.000000000000000000e+00
8.570528564453125000e+02,5.915718841552734375e+01,3.454430389404296875e+01,2.673441505432128906e+01,1.960531616210937500e+01,1.732895088195800781e+01,1.522844409942626953e+01,1.271518039703369141e+01,9.423508048057556152e-01,6.868276596069335938e-01,6.000000000000000000e+00
8.564355468750000000e+02,4.941241836547851562e+01,2.964598274230957031e+01,2.661203956604003906e+01,2.467045593261718750e+01,2.276822662353515625e+01,2.236007499694824219e+01,1.986262512207031250e+01,1.653097534179687500e+01,1.102688503265380859e+01,6.000000000000000000e+00
8.568969116210937500e+02,5.248786544799804688e+01,4.034252166748046875e+01,2.780498695373535156e+01,2.630711174011230469e+01,2.513857841491699219e+01,2.062868118286132812e+01,1.623142242431640625e+01,1.487095928192138672e+01,9.529715538024902344e+00,6.000000000000000000e+00
8.563952026367187500e+02,4.515667724609375000e+01,4.074533081054687500e+01,3.033192253112792969e+01,2.801284217834472656e+01,2.616048812866210938e+01,2.289614486694335938e+01,8.412624359130859375e+00,2.680153369903564453e+00,2.380138635635375977e+00,6.000000000000000000e+00
8.568110961914062500e+02,4.274127197265625000e+01,4.055697250366210938e+01,3.065654945373535156e+01,2.584785652160644531e+01,2.247773933410644531e+01,1.980768585205078125e+01,1.887436103820800781e+01,1.877076530456542969e+01,1.765230941772460938e+01,6.000000000000000000e+00
8.564888305664062500e+02,5.487533950805664062e+01,4.091533279418945312e+01,3.814153289794921875e+01,3.099703979492187500e+01,2.739540672302246094e+01,1.481999492645263672e+01,1.083732223510742188e+01,5.304752349853515625e+00,4.364060789173798693e-14,6.000000000000000000e+00
8.570797119140625000e+02,4.802224731445312500e+01,4.553664779663085938e+01,3.325952529907226562e+01,3.111779975891113281e+01,2.960221862792968750e+01,1.274894714355468750e+01,1.170607662200927734e+01,6.710121154785156250e+00,1.478487253189086914e-01,6.000000000000000000e+00
8.575567016601562500e+02,3.954495239257812500e+01,2.712671852111816406e+01,2.699329185485839844e+01,2.648185348510742188e+01,2.324480628967285156e+01,1.960868072509765625e+01,1.903448295593261719e+01,1.421685314178466797e+01,8.572735786437988281e+00,6.000000000000000000e+00
8.564888916015625000e+02,5.528760910034179688e+01,4.788821792602539062e+01,3.821734237670898438e+01,3.414786911010742188e+01,2.951697540283203125e+01,2.688265419006347656e+01,8.414854049682617188e+00,8.032932281494140625e+00,6.728256702423095703e+00,6.000000000000000000e+00
8.562999877929687500e+02,4.420210266113281250e+01,3.697658538818359375e+01,3.082601547241210938e+01,2.748116111755371094e+01,2.613939476013183594e+01,2.383416938781738281e+01,1.291252613067626953e+01,1.065167140960693359e+01,9.049804687500000000e+00,6.000000000000000000e+00
8.564018554687500000e+02,5.974275970458984375e+01,4.764948272705078125e+01,4.002202987670898438e+01,3.320598602294921875e+01,3.222143173217773438e+01,2.258064079284667969e+01,1.706295013427734375e+01,4.332493782043457031e+00,9.325833916664123535e-01,6.000000000000000000e+00
8.569703369140625000e+02,4.668344879150390625e+01,4.428434371948242188e+01,3.676933288574218750e+01,3.030558776855468750e+01,2.490787696838378906e+01,2.234384918212890625e+01,1.023047161102294922e+01,7.948446750640869141e+00,1.831483960151672363e+00,6.000000000000000000e+00
8.575689697265625000e+02,5.871678161621093750e+01,3.663887023925781250e+01,3.512825393676757812e+01,1.770354461669921875e+01,1.647933769226074219e+01,1.498401451110839844e+01,7.115057468414306641e+00,5.952252864837646484e+00,4.405292987823486328e+00,6.000000000000000000e+00
8.177544555664062500e+02,7.718774414062500000e+01,6.488075256347656250e+01,4.106884765625000000e+01,3.352577972412109375e+01,2.859676361083984375e+01,2.502951431274414062e+01,2.115240669250488281e+01,1.729991149902343750e+01,1.370500087738037109e+01,7.000000000000000000e+00
8.184627075195312500e+02,7.326350402832031250e+01,6.900420379638671875e+01,3.614184188842773438e+01,2.810493278503417969e+01,1.611009216308593750e+01,1.439866828918457031e+01,8.174903869628906250e+00,7.581344604492187500e+00,7.206130027770996094e+00,7.000000000000000000e+00
9.211677856445312500e+02,8.382561492919921875e+01,7.218367004394531250e+01,2.729009819030761719e+01,2.558839607238769531e+01,2.435609245300292969e+01,1.577478504180908203e+01,1.472730827331542969e+01,9.931437492370605469e+00,7.750233173370361328e+00,7.000000000000000000e+00
8.178114013671875000e+02,8.137017822265625000e+01,7.028697204589843750e+01,3.761591339111328125e+01,3.331220245361328125e+01,2.394170570373535156e+01,1.870623207092285156e+01,1.372270393371582031e+01,2.113267898559570312e+00,2.406163699924945831e-02,7.000000000000000000e+00
8.180342407226562500e+02,8.454191589355468750e+01,7.596749877929687500e+01,5.299924468994140625e+01,3.176509284973144531e+01,2.220239257812500000e+01,2.079894828796386719e+01,8.993782997131347656e+00,7.369369506835937500e+00,6.885399222373962402e-01,7.000000000000000000e+00
8.174957885742187500e+02,6.592588043212890625e+01,6.551374053955078125e+01,2.962688827514648438e+01,2.408159255981445312e+01,2.100126266479492188e+01,1.921683883666992188e+01,1.657691001892089844e+01,1.550624561309814453e+01,1.729204297065734863e+00,7.000000000000000000e+00
8.176853637695312500e+02,7.589234161376953125e+01,6.837271118164062500e+01,4.600631713867187500e+01,4.277302551269531250e+01,4.014804458618164062e+01,3.128756523132324219e+01,1.826584053039550781e+01,1.605997657775878906e+01,1.503907680511474609e+01,7.000000000000000000e+00
8.174046630859375000e+02,8.560833740234375000e+01,7.316954040527343750e+01,4.717921066284179688e+01,3.833219146728515625e+01,3.563399124145507812e+01,3.202521514892578125e+01,2.089567375183105469e+01,1.976209831237792969e+01,9.642451286315917969e+00,7.000000000000000000e+00
8.175303955078125000e+02,7.584936523437500000e+01,5.927322769165039062e+01,3.960966110229492188e+01,3.745528030395507812e+01,3.366868209838867188e+01,2.117798423767089844e+01,1.825909996032714844e+01,1.591523933410644531e+01,6.453715801239013672e+00,7.000000000000000000e+00
8.179099121093750000e+02,7.232277679443359375e+01,7.188640594482421875e+01,4.195868682861328125e+01,3.396670150756835938e+01,3.366281890869140625e+01,3.060412597656250000e+01,2.419613265991210938e+01,1.440415573120117188e+01,1.032293891906738281e+01,7.000000000000000000e+00
8.178724365234375000e+02,7.996480560302734375e+01,7.923628997802734375e+01,4.951525878906250000e+01,3.504069137573242188e+01,3.195013999938964844e+01,2.760667610168457031e+01,2.543744277954101562e+01,1.729994583129882812e+01,1.349982547760009766e+01,7.000000000000000000e+00
8.181562500000000000e+02,7.771942138671875000e+01,6.768986511230468750e+01,4.332492065429687500e+01,3.355002975463867188e+01,2.639113807678222656e+01,2.424710655212402344e+01,1.151756381988525391e+01,8.168844223022460938e+00,1.753180027008056641e+00,7.000000000000000000e+00
8.176734008789062500e+02,9.058117675781250000e+01,5.859785842895507812e+01,3.746112060546875000e+01,3.590600967407226562e+01,3.159632492065429688e+01,2.797269058227539062e+01,2.181923294067382812e+01,2.090542602539062500e+01,8.185799598693847656e+00,7.000000000000000000e+00
8.174043579101562500e+02,7.743626403808593750e+01,6.533504486083984375e+01,6.076572036743164062e+01,3.592222213745117188e+01,2.992715835571289062e+01,2.218828201293945312e+01,2.126059913635253906e+01,1.547466659545898438e+01,8.402234077453613281e+00,7.000000000000000000e+00
8.179500732421875000e+02,7.363200378417968750e+01,7.244485473632812500e+01,4.720414352416992188e+01,4.690744400024414062e+01,3.539324188232421875e+01,2.978924369812011719e+01,2.328933334350585938e+01,1.300235557556152344e+01,1.020246219635009766e+01,7.000000000000000000e+00
8.175916748046875000e+02,8.492263793945312500e+01,6.381481170654296875e+01,5.004610443115234375e+01,3.498067855834960938e+01,2.230071258544921875e+01,1.186248683929443359e+01,1.096823406219482422e+01,8.213849067687988281e+00,6.321860313415527344e+00,7.000000000000000000e+00
8.174043579101562500e+02,8.856439971923828125e+01,5.997867965698242188e+01,3.475872039794921875e+01,3.294462966918945312e+01,2.127512168884277344e+01,2.028459167480468750e+01,1.306221866607666016e+01,8.409559249877929688e+00,8.171098709106445312e+00,7.000000000000000000e+00
8.180921020507812500e+02,8.036493682861328125e+01,7.955577087402343750e+01,3.665568161010742188e+01,3.293608093261718750e+01,2.754088783264160156e+01,1.947311210632324219e+01,1.729908943176269531e+01,1.206041240692138672e+01,1.132593631744384766e+01,7.000000000000000000e+00
8.174043579101562500e+02,7.437893676757812500e+01,6.872174072265625000e+01,3.748891067504882812e+01,3.595571517944335938e+01,3.513492202758789062e+01,2.883444976806640625e+01,1.679475021362304688e+01,1.556104087829589844e+01,9.694863319396972656e+00,7.000000000000000000e+00
9.112575683593750000e+02,7.877032470703125000e+01,6.697880554199218750e+01,3.742150497436523438e+01,2.859967803955078125e+01,1.619047737121582031e+01,1.574238395690917969e+01,8.167069435119628906e+00,6.256756305694580078e+00,1.540790438652038574e+00,7.000000000000000000e+00
9.112672729492187500e+02,8.150054931640625000e+01,8.052883911132812500e+01,4.379471588134765625e+01,4.219842147827148438e+01,2.839402961730957031e+01,1.505891418457031250e+01,1.112736415863037109e+01,7.102885723114013672e+00,4.495467185974121094e+00,7.000000000000000000e+00
8.178569946289062500e+02,7.926618957519531250e+01,6.568129730224609375e+01,2.732974052429199219e+01,2.506782150268554688e+01,2.069225120544433594e+01,1.416594600677490234e+01,5.642037391662597656e+00,2.727487087249755859e+00,4.263424873352050781e-01,7.000000000000000000e+00
8.174986572265625000e+02,7.410741424560546875e+01,6.429231262207031250e+01,4.319632339477539062e+01,3.357137680053710938e+01,3.163807106018066406e+01,3.067317962646484375e+01,1.651210594177246094e+01,1.420389556884765625e+01,1.316169071197509766e+01,7.000000000000000000e+00
8.256400146484375000e+02,8.361747741699218750e+01,6.103557968139648438e+01,3.727517318725585938e+01,3.481649398803710938e+01,2.775361251831054688e+01,2.253069686889648438e+01,2.218651580810546875e+01,2.156140136718750000e+01,1.839329528808593750e+01,7.000000000000000000e+00
8.193906860351562500e+02,7.576721954345703125e+01,7.016890716552734375e+01,4.648719406127929688e+01,3.667317199707031250e+01,1.735575485229492188e+01,1.436913013458251953e+01,8.168037414550781250e+00,2.843596696853637695e+00,1.516191124916076660e+00,7.000000000000000000e+00
1.031524291992187500e+03,7.505809783935546875e+01,6.706023406982421875e+01,3.040056800842285156e+01,2.479627609252929688e+01,1.819803047180175781e+01,1.812957954406738281e+01,1.321887969970703125e+01,1.043833637237548828e+01,1.337906599044799805e+00,7.000000000000000000e+00
8.174658813476562500e+02,7.695021057128906250e+01,6.427595520019531250e+01,4.747564697265625000e+01,4.494270324707031250e+01,3.311051559448242188e+01,2.634822654724121094e+01,1.892774581909179688e+01,1.398444938659667969e+01,1.174071121215820312e+01,7.000000000000000000e+00
8.185086059570312500e+02,7.831759643554687500e+01,7.747980499267578125e+01,4.473241806030273438e+01,4.085041809082031250e+01,2.636991119384765625e+01,2.450023651123046875e+01,2.379026985168457031e+01,2.105254554748535156e+01,8.996782302856445312e+00,7.000000000000000000e+00
8.174672851562500000e+02,7.668244171142578125e+01,6.641342926025390625e+01,4.290480804443359375e+01,3.864906311035156250e+01,2.503404426574707031e+01,2.101778793334960938e+01,1.465459823608398438e+01,9.414837837219238281e+00,6.017446994781494141e+00,7.000000000000000000e+00
8.174043579101562500e+02,8.786180877685546875e+01,6.619068908691406250e+01,3.990544509887695312e+01,3.659005355834960938e+01,3.000485992431640625e+01,2.912275314331054688e+01,1.256103897094726562e+01,3.501655817031860352e+00,3.996326923370361328e-01,7.000000000000000000e+00
4.354322204589843750e+02,3.909636230468750000e+02,1.364187774658203125e+02,9.311666870117187500e+01,6.683421325683593750e+01,4.787638854980468750e+01,4.294127273559570312e+01,3.777794647216796875e+01,3.206544494628906250e+01,2.787330055236816406e+01,8.000000000000000000e+00
4.342666625976562500e+02,3.925594177246093750e+02,1.358734588623046875e+02,9.628001403808593750e+01,5.678031921386718750e+01,5.123361206054687500e+01,4.368080902099609375e+01,4.225957489013671875e+01,3.595515823364257812e+01,2.888551521301269531e+01,8.000000000000000000e+00
5.297628784179687500e+02,3.900826110839843750e+02,1.373506011962890625e+02,9.115788269042968750e+01,6.384986114501953125e+01,5.661112976074218750e+01,3.977580261230468750e+01,3.396966934204101562e+01,3.162178611755371094e+01,2.860578727722167969e+01,8.000000000000000000e+00
4.342567138671875000e+02,3.900491333007812500e+02,1.360057983398437500e+02,9.635234832763671875e+01,5.731354141235351562e+01,5.075741958618164062e+01,4.299611282348632812e+01,3.814186096191406250e+01,2.776647949218750000e+01,2.346183395385742188e+01,8.000000000000000000e+00
4.342605590820312500e+02,3.906529235839843750e+02,1.392227935791015625e+02,9.348974609375000000e+01,6.812467193603515625e+01,4.903701400756835938e+01,3.860954666137695312e+01,3.689852523803710938e+01,3.575575637817382812e+01,3.012154579162597656e+01,8.000000000000000000e+00
4.342777099609375000e+02,3.905812988281250000e+02,1.339193115234375000e+02,9.267200469970703125e+01,5.494674301147460938e+01,4.971731948852539062e+01,4.909110641479492188e+01,3.622106552124023438e+01,3.140480232238769531e+01,2.735343170166015625e+01,8.000000000000000000e+00
4.338149108886718750e+02,3.900401000976562500e+02,1.377261505126953125e+02,9.109965515136718750e+01,6.205675506591796875e+01,5.763967895507812500e+01,4.933900833129882812e+01,3.711094665527343750e+01,3.010029029846191406e+01,2.806773567199707031e+01,8.000000000000000000e+00
4.344957885742187500e+02,3.808045654296875000e+02,1.381419372558593750e+02,9.578233337402343750e+01,5.469152450561523438e+01,4.982277679443359375e+01,4.305707550048828125e+01,4.097870254516601562e+01,3.746060180664062500e+01,3.016655921936035156e+01,8.000000000000000000e+00
4.359605712890625000e+02,3.900366821289062500e+02,1.368185577392578125e+02,9.310245513916015625e+01,6.112664031982421875e+01,4.972142791748046875e+01,4.316592407226562500e+01,4.218387222290039062e+01,3.862709045410156250e+01,2.626128005981445312e+01,8.000000000000000000e+00
4.344148254394531250e+02,3.900379333496093750e+02,1.358079986572265625e+02,9.140765380859375000e+01,5.606202316284179688e+01,5.336118698120117188e+01,4.459976577758789062e+01,4.287234115600585938e+01,3.518887710571289062e+01,2.818802452087402344e+01,8.000000000000000000e+00
4.342705078125000000e+02,3.900697937011718750e+02,1.497264251708984375e+02,9.135192108154296875e+01,5.685925292968750000e+01,5.312041473388671875e+01,4.300813293457031250e+01,3.848965454101562500e+01,3.549252319335937500e+01,3.532817077636718750e+01,8.000000000000000000e+00
4.343661804199218750e+02,3.911385803222656250e+02,1.353241882324218750e+02,9.437980651855468750e+01,5.489417648315429688e+01,5.045858383178710938e+01,4.281451797485351562e+01,3.654594421386718750e+01,2.841917419433593750e+01,2.560792350769042969e+01,8.000000000000000000e+00
4.362531433105468750e+02,3.911658935546875000e+02,1.369308776855468750e+02,1.017841720581054688e+02,5.891751480102539062e+01,4.798814773559570312e+01,4.317448806762695312e+01,4.233419036865234375e+01,3.377777862548828125e+01,2.748268890380859375e+01,8.000000000000000000e+00
4.350603027343750000e+02,3.426907653808593750e+02,1.357045593261718750e+02,9.175284576416015625e+01,6.166049575805664062e+01,5.074651336669921875e+01,4.657366180419921875e+01,4.002317047119140625e+01,3.745058441162109375e+01,3.021470642089843750e+01,8.000000000000000000e+00
4.347220153808593750e+02,3.907602233886718750e+02,1.369892883300781250e+02,1.055145492553710938e+02,5.252775955200195312e+01,5.014554595947265625e+01,4.521165084838867188e+01,4.248749923706054688e+01,3.564420700073242188e+01,2.654974365234375000e+01,8.000000000000000000e+00
4.363796081542968750e+02,3.900562744140625000e+02,1.364201660156250000e+02,9.334443664550781250e+01,6.144829940795898438e+01,5.366755676269531250e+01,4.757518768310546875e+01,3.606756210327148438e+01,3.189626312255859375e+01,2.293880844116210938e+01,8.000000000000000000e+00
4.343268432617187500e+02,3.903375244140625000e+02,1.395332946777343750e+02,9.445647430419921875e+01,6.941166687011718750e+01,5.695353317260742188e+01,4.755326080322265625e+01,4.407446289062500000e+01,3.459968948364257812e+01,2.848950386047363281e+01,8.000000000000000000e+00
4.968461303710937500e+02,3.889863586425781250e+02,1.371082763671875000e+02,1.008976898193359375e+02,6.385416030883789062e+01,5.443315124511718750e+01,4.315822982788085938e+01,3.772685241699218750e+01,3.651465606689453125e+01,3.022853088378906250e+01,8.000000000000000000e+00
4.367093811035156250e+02,3.903378906250000000e+02,1.370858001708984375e+02,9.174793243408203125e+01,7.765207672119140625e+01,5.230409240722656250e+01,4.749972152709960938e+01,3.500404357910156250e+01,3.178001213073730469e+01,2.895736312866210938e+01,8.000000000000000000e+00
4.343965759277343750e+02,3.733268737792968750e+02,1.357470245361328125e+02,9.513526916503906250e+01,5.420880126953125000e+01,5.230332183837890625e+01,4.110533142089843750e+01,3.621916580200195312e+01,3.452770233154296875e+01,2.993081665039062500e+01,8.000000000000000000e+00
4.350845947265625000e+02,3.906542358398437500e+02,1.357863006591796875e+02,9.453293609619140625e+01,6.476412200927734375e+01,5.076468276977539062e+01,4.256983184814453125e+01,4.089920043945312500e+01,2.839200401306152344e+01,2.715885162353515625e+01,8.000000000000000000e+00
5.536690063476562500e+02,3.906726379394531250e+02,1.452533874511718750e+02,1.126400680541992188e+02,5.595457077026367188e+01,5.044946670532226562e+01,4.421464538574218750e+01,4.001502990722656250e+01,3.266472625732421875e+01,2.477139091491699219e+01,8.000000000000000000e+00
4.348547058105468750e+02,3.903211364746093750e+02,1.474062194824218750e+02,9.635012054443359375e+01,5.374832153320312500e+01,4.818568420410156250e+01,4.436434936523437500e+01,3.850107192993164062e+01,3.531986999511718750e+01,2.014992141723632812e+01,8.000000000000000000e+00
4.344796447753906250e+02,3.902821350097656250e+02,1.382684936523437500e+02,9.114648437500000000e+01,5.439715957641601562e+01,4.904811477661132812e+01,4.335488510131835938e+01,3.797069931030273438e+01,3.595961761474609375e+01,3.302354431152343750e+01,8.000000000000000000e+00
4.342882080078125000e+02,3.904437561035156250e+02,1.359888610839843750e+02,9.673823547363281250e+01,6.812191009521484375e+01,4.922510528564453125e+01,4.860846328735351562e+01,4.268635559082031250e+01,3.561368560791015625e+01,3.346517181396484375e+01,8.000000000000000000e+00
4.342779235839843750e+02,3.904557189941406250e+02,1.448663940429687500e+02,1.069557037353515625e+02,5.456668090820312500e+01,4.703889846801757812e+01,4.327839660644531250e+01,3.676807022094726562e+01,3.020758628845214844e+01,2.309116363525390625e+01,8.000000000000000000e+00
4.404847412109375000e+02,3.851152038574218750e+02,1.365116119384765625e+02,9.111282348632812500e+01,5.490363693237304688e+01,4.920321273803710938e+01,4.296042633056640625e+01,3.777724838256835938e+01,3.139977264404296875e+01,2.833402252197265625e+01,8.000000000000000000e+00
4.342653503417968750e+02,3.901591491699218750e+02,1.375576019287109375e+02,1.024861907958984375e+02,5.556455230712890625e+01,5.184803390502929688e+01,4.458123397827148438e+01,4.286111068725585938e+01,3.555011367797851562e+01,2.689108085632324219e+01,8.000000000000000000e+00
5.112986450195312500e+02,3.913110351562500000e+02,1.341865844726562500e+02,9.117537689208984375e+01,5.604866409301757812e+01,4.916381835937500000e+01,4.538727951049804688e+01,3.869877243041992188e+01,2.970973205566406250e+01,2.536151695251464844e+01,8.000000000000000000e+00
4.347657775878906250e+02,3.912416381835937500e+02,1.347902984619140625e+02,9.463285064697265625e+01,5.488169860839843750e+01,5.363352584838867188e+01,4.977471542358398438e+01,4.436113739013671875e+01,3.026030349731445312e+01,2.093754386901855469e+01,8.000000000000000000e+00
